name,lat,lon,condition_score,pof,cof,cost,risk,risk_per_cost,selected
Asset_0000,44.479120971119265,-79.46532905849406,1,0.41519171434068863,59045.273346767644,18278.823656768618,24515.10826455903,1.3411753800404504,True
Asset_0001,37.77756879504105,-68.57772014058582,2,0.16372204093037893,199208.17177155786,42795.31814349462,32614.768452448952,0.7621106669446918,True
Asset_0002,46.17195839822765,-94.95849357266883,3,0.19658032173019904,98176.26572260262,39710.48277796915,19299.521902018736,0.48600572322242974,True
Asset_0003,42.947360581187276,-114.94173985712996,5,0.04988661287342617,66291.96167277773,26684.908394178743,3307.0814285898678,0.12393077689227895,False
Asset_0004,30.88354695775299,-122.21956788834072,4,0.14963283135203867,46007.86568183897,35905.91637166269,6884.287206437859,0.1917312772407337,True
Asset_0005,48.51244703273512,-110.1392623200641,4,0.23807657470462612,47252.284874186604,26601.68726218173,11249.662129813561,0.4228928044653256,True
Asset_0006,44.222794039807056,-115.61795580395483,3,0.09440954040063007,16688.60226809535,21250.78971177562,1575.5632700597946,0.07414139857526018,False
Asset_0007,44.72128610553908,-85.05111427767999,1,0.36620799731138964,69883.45832830541,30430.255196244845,25591.88131960268,0.841001206022116,True
Asset_0008,31.562272653510917,-116.17737974080225,2,0.17781311409802286,99438.02503227793,20910.478633108978,17681.38489074649,0.8455753309611169,True
Asset_0009,38.00771875791134,-94.64552382924455,5,0.01840136420862672,23263.20958097702,42676.2881380272,428.07479216117275,0.01003074097673766,False
Asset_0010,36.41596048465163,-84.12130360399836,1,0.15178135721466324,40261.456046223946,20434.036653979096,6110.938442134379,0.29905684058486814,True
Asset_0011,47.53529977697204,-90.45746988362947,5,0.037881050269214164,29897.233220326027,51843.690126862995,1132.53859452959,0.021845254297258462,False
Asset_0012,41.87730240161329,-111.81256350703677,4,0.245120452727982,33549.904071122495,20115.792177522508,8223.767674893912,0.40882146734858366,True
Asset_0013,45.4552322654166,-77.96902653379328,2,0.2183605226278814,61826.60028068085,27360.415067289916,13500.488749594588,0.49343143064137107,True
Asset_0014,37.86828397654662,-82.93720074151511,4,0.21370290247082574,17143.231449195708,26574.258373379555,3663.558318422263,0.13786116876519078,False
Asset_0015,33.54477443569554,-81.61689578072966,5,0.031809562933398185,86557.33130406059,70444.001234351,2753.350877463512,0.03908566846314914,False
Asset_0016,40.091695740316695,-115.66076591279045,1,0.34342471846946,94118.79518878323,42836.463628853635,32322.720740392648,0.7545609044772039,True
Asset_0017,30.276345122083505,-116.0697869955807,1,0.3093952168207003,51500.070067138,32667.4059133091,15933.875344703418,0.48776065620232684,True
Asset_0018,45.552623439851644,-71.05649714363557,4,0.23782761477564013,13515.26267061483,46600.18175997889,3214.302684018573,0.06897618341006292,False
Asset_0019,41.633287982441296,-100.73562114580332,5,0.035980812836449036,32930.31115796724,12662.546569952323,1184.8593624208486,0.09357196483940038,False
Asset_0020,44.161754801707474,-106.14687326026737,1,0.4003197420216226,125459.86184488951,35540.67894384103,50224.059527814585,1.4131429398739186,True
Asset_0021,36.09051936259737,-95.63929346031414,4,0.18136627399822042,11307.295677705308,98593.15230132405,2050.7620860615943,0.020800248680496382,False
Asset_0022,48.413960487898066,-85.87960408523938,1,0.2982167899958696,48605.20741881549,38799.911830591074,14494.888933522581,0.3735804606157469,True
Asset_0023,46.862422426443956,-69.48509760536969,4,0.10292309453791026,29495.693036892364,37569.82890723526,3035.7880028972545,0.08080388149738466,False
Asset_0024,44.56766994147524,-106.95901129460492,4,0.16483109580699712,97026.76826896903,47765.75264462276,15993.028536385742,0.3348220775536374,True
Asset_0025,32.892774157039355,-71.21072795852648,1,0.17494438339418603,39931.93380308562,56829.03318023422,6985.867536918268,0.12292779141187347,False
Asset_0026,38.33442007454068,-121.60786848236964,4,0.26127878545656613,76295.74221018465,13376.659696919753,19934.45886018431,1.4902419073107334,True
Asset_0027,29.876075315744576,-91.90890962969782,5,0.10199636304165587,84059.17141981749,15659.55823073607,8573.729765116488,0.5475077673831342,True
Asset_0028,32.08578984135096,-87.49739374585923,5,0.03007928445094409,180184.30160246583,40341.889329208796,5419.814861495271,0.13434707574717267,False
Asset_0029,42.660979064849094,-117.06974538995782,1,0.06986980599920309,53009.94591991081,25401.454599182467,3703.7946374524154,0.14581033629356094,False
Asset_0030,43.895243118156344,-115.1409825644209,2,0.11342554770485133,75028.74770226232,69983.34968604178,8510.17680173821,0.12160287896930388,False
Asset_0031,48.3501946486842,-99.52959811828698,2,0.22464942735816215,24562.267735934707,31020.786935480697,5517.899381495594,0.17787747915525562,True
Asset_0032,35.51650716276304,-68.89101291998182,3,0.15524723664251178,122301.93434890732,13804.28916819298,18987.037343701755,1.3754447702711528,True
Asset_0033,36.40919412069738,-89.62161701887513,1,0.08737292359381105,37937.47508855092,19263.99409499646,3314.7081122540694,0.1720675419597962,True
Asset_0034,38.39111622551616,-70.75069959038817,5,0.09551526572369357,42768.08823768794,9183.484531473681,4085.0053125171366,0.44482084099091007,True
Asset_0035,32.78942718168572,-77.95578872567364,4,0.08600505814795302,59080.21188755987,32303.705737934826,5081.197058782972,0.1572945562346437,True
Asset_0036,31.598430106709433,-96.82663031290367,5,0.15621164063683984,23441.644352698757,33051.027576431734,3661.8577235603843,0.11079406578485954,False
Asset_0037,38.51409852451867,-79.05324684187751,1,0.825315628104166,68683.34495857295,29371.163689367284,56685.437984779746,1.9299690875135656,True
Asset_0038,33.53818698101768,-122.00114009728868,1,0.333044659606983,106988.83516580667,62282.733751345346,35632.06018954369,0.5721017374060595,True
Asset_0039,42.39627989365021,-116.88793618111885,5,0.05553755840832033,71379.09326948953,66122.20621810884,3964.2205615872194,0.059952938480469835,False
Asset_0040,37.74303837744662,-76.55199756656677,2,0.2424382447088151,23078.609261199188,33349.75777910174,5595.137519605735,0.1677714589912814,True
Asset_0041,45.653563921156746,-78.37824305379094,4,0.027154676650235833,55587.54383538887,12489.61984942826,1509.461778630795,0.12085730365123114,True
Asset_0042,43.00530204004498,-109.97211844987972,5,0.07052374015980577,93453.32023505926,49446.214905376415,6590.677673328438,0.1332898319101027,False
Asset_0043,35.24733282764082,-93.276902926453,1,0.2946510238915044,19403.461178879257,47938.782639844576,5717.24970339583,0.11926147032870014,False
Asset_0044,45.64519602790402,-89.06311404079939,1,0.21697303324072176,31418.129934104236,42391.18781546219,6816.886950553714,0.16080905730287778,True
Asset_0045,45.095287149936034,-74.40661858854338,1,0.4034794138306147,101308.55739651545,59322.25885382434,40875.91735437124,0.6890485653132893,True
Asset_0046,36.74956758060349,-89.22599918903137,1,0.697117434582067,70407.65418947356,20283.96500718029,49082.40326350713,2.419763751620185,True
Asset_0047,34.766562078604885,-99.8959921206739,1,0.4639852811630593,76663.64989566554,99148.86564567886,35570.80515182672,0.3587615947008767,True
Asset_0048,42.64991007949951,-102.04569356919777,5,0.05603059264849934,182717.56602578607,22477.860442417732,10237.773511716103,0.4554603200755046,True
Asset_0049,31.795049672186195,-99.15060316308345,4,0.09993330980946317,79310.96473479786,52818.21882075109,7925.807210129963,0.15005820694233807,False
Asset_0050,32.998164049502165,-86.49186256752145,5,0.10095850762289167,88852.48540712286,15620.292555962187,8970.414325287884,0.5742795336995095,True
Asset_0051,29.14724539502011,-74.4205246218698,5,0.0874703545070537,304506.37940239185,22808.02339583043,26635.28095598661,1.167803123213906,True
Asset_0052,44.73848755004277,-97.58177460372721,5,0.04605003702442153,52665.573413061786,77511.7117564932,2425.2516055838855,0.03128884075225859,False
Asset_0053,42.29701713184064,-109.12098447472394,2,0.3171653379300109,37096.21945159325,31874.13320427416,11765.634978290416,0.3691279980191808,True
Asset_0054,43.1033075725267,-109.74690767213545,2,0.07199017462163557,77395.02948288026,55268.66014648014,5571.681687319183,0.10081086953351849,False
Asset_0055,44.614580620439355,-81.223200306367,5,0.01651084478772039,77916.62452548883,40883.330608095275,1286.469293923434,0.03146684173692789,False
Asset_0056,38.1783155107668,-77.27214924826102,2,0.12053743099977558,43650.53268884191,34458.84257413201,5261.52307208473,0.1526900696320693,False
Asset_0057,40.374823919057874,-117.104427528169,1,0.37328195057784236,32227.0611917306,71820.49517807497,12029.780263040684,0.16749787415435533,True
Asset_0058,31.79593996255315,-119.27270401051003,4,0.16349589035350132,239403.7301559,32262.814355948638,39141.526015788244,1.2132086675374403,True
Asset_0059,31.29060147071947,-89.7117148296387,5,0.043860851136292886,72846.23161136838,14907.667340921318,3195.0977205461413,0.2143257994344727,True
Asset_0060,42.36805923580943,-114.8142983252089,5,0.00757108254532691,38585.38169501206,24303.604557416686,292.13310985588225,0.012020155659039166,False
Asset_0061,38.42192412286265,-76.81880533444489,5,0.08816355094765978,103731.19631896031,47838.97028982976,9145.310611528355,0.19116863419346186,True
Asset_0062,40.30472212962378,-105.62125826025184,1,0.27984942792705586,56078.78797595071,44256.3681546606,15693.616733912466,0.35460697269755026,True
Asset_0063,44.29997714832051,-114.94317175361601,4,0.09535259014350903,51445.13259448255,16588.598066504703,4905.426643160172,0.2957107420105073,True
Asset_0064,41.694366400011816,-71.42565354070278,5,0.008738113130198209,83898.55950754232,25281.51411598878,733.1151044375713,0.028998069541014065,False
Asset_0065,40.07158801315992,-113.73022352682442,4,0.04798642127836454,27580.675379412885,27150.19005166416,1323.4979078983235,0.04874727968311957,False
Asset_0066,40.18414321490827,-107.0556753890756,5,0.11446687387672305,73981.94251568844,30250.415622243207,8468.481683098284,0.2799459613662758,True
Asset_0067,35.079001961252246,-114.39764986924472,5,0.07505185132248487,188673.42409599913,18252.242089780535,14160.289773757062,0.775810977309217,True
Asset_0068,29.61635669135879,-116.53255643474012,3,0.3828931656259713,79198.02157036797,26524.24358298613,30324.381190392152,1.1432703479560715,True
Asset_0069,37.73434778464725,-121.81571108515936,1,0.24973099599507304,47775.715131241916,25227.621320135215,11931.076924101924,0.4729370546948568,True
Asset_0070,33.29169345639058,-119.89785708680144,3,0.20460433085775076,44167.16115955632,53410.71337794709,9036.79245493746,0.16919437849464652,True
Asset_0071,37.17057287449272,-113.22007762759225,2,0.3393656076048298,46807.37317602882,54424.007808224065,15884.812638269033,0.29187142362324636,True
Asset_0072,46.06806146536332,-120.01061177287818,1,0.4904488945647609,51411.76895197375,33762.120945635346,25214.84525011442,0.7468383070695122,True
Asset_0073,33.67878971730681,-89.89594629778561,1,0.3855849727355836,47730.03199558208,29851.19352369034,18403.98308568505,0.6165241959615243,True
Asset_0074,30.16605483378132,-84.87998649922764,4,0.11079839015796615,103754.92062143197,38947.19977953232,11495.878175822227,0.2951657177126142,True
Asset_0075,34.62767784043993,-100.95669441740642,3,0.31631396835328013,21164.37321033722,24142.09910338237,6694.586877871618,0.27729928740677273,True
Asset_0076,34.87187515533367,-105.19249857068523,3,0.2339986040306999,100428.37142625402,20467.303874511887,23500.09871882007,1.148177545166804,True
Asset_0077,42.2383302945379,-94.74653072675511,4,0.052072274174748925,47676.223091394364,22694.761264529705,2482.609360431583,0.10939129658577747,False
Asset_0078,40.140643046825566,-73.99972323486192,3,0.021049917525083856,75069.42803260163,26438.945700866992,1580.2052687414823,0.0597680893413864,False
Asset_0079,44.67796418212827,-75.33662889795646,4,0.209436116814606,30448.96413119664,20297.704911751345,6377.112808665048,0.31417900872985016,True
Asset_0080,42.28627080654775,-120.56539652728365,1,0.21124022117803776,132876.92995235746,39380.646913896606,28068.95207259462,0.7127600553125926,True
Asset_0081,37.12773722880141,-112.83608906259465,5,0.05448498143976841,126422.02274589532,52305.55386653988,6888.101562888086,0.13168967831720904,False
Asset_0082,45.28040769332069,-109.74228721815382,3,0.12797261152102676,106484.45759963657,16423.209875182492,13627.094125425538,0.8297460867267955,True
Asset_0083,32.33945839815408,-109.03429575339614,1,0.2028918880490095,24128.45514803719,36774.66204439176,4895.4678206911085,0.1331206746313983,False
Asset_0084,29.45424146267721,-91.01097150240473,5,0.0711595233845864,98466.59599010782,32533.711328414174,7006.836039958699,0.2153715562675167,True
Asset_0085,30.800957215512835,-99.68930416062123,4,0.10111421046480525,76337.00190325707,43077.424388333864,7718.755676698174,0.1791833143763477,True
Asset_0086,43.447187011929,-120.24176928405474,1,0.17932213056999474,22852.990241487147,36081.32205934214,4098.046899998773,0.11357806937503032,False
Asset_0087,38.23754460502775,-102.07760824626399,1,0.4590770861908705,59007.60245389522,17556.86569411589,27089.038197643476,1.542931333508022,True
Asset_0088,32.225435580672034,-93.66983487181231,1,0.17899908151436786,74512.38956449274,19318.24665055657,13337.649293484968,0.6904171757792885,True
Asset_0089,39.02089550206727,-117.30637343739191,2,0.27656652727719977,83587.15711906565,36853.71799050006,23117.409769393653,0.6272748322259568,True
Asset_0090,32.04624205426337,-76.32632098784066,1,0.5076989649403627,66593.13813199651,60741.98752263983,33809.26730174523,0.5566045610401503,True
Asset_0091,42.92640750155472,-120.09013547795416,4,0.30121296040564993,71306.22074759727,12002.932986875772,21478.35784672255,1.789425790363687,True
Asset_0092,37.92312551148061,-71.20885533498853,3,0.09131802360537992,144953.29054759722,43168.36826317307,13236.848007902978,0.3066330403596777,True
Asset_0093,36.62042452192965,-117.44966407152697,5,0.05485104289305955,124943.92878743184,65828.68750651856,6853.304797146802,0.10410817922608842,False
Asset_0094,35.03024178295753,-75.75980271052585,4,0.052966438273778026,10718.934411055941,33640.53648860658,567.7437778438697,0.01687677537592642,False
Asset_0095,41.60565186237777,-72.45142394005344,4,0.11354665651177367,49490.54237137767,47815.314204374576,5619.485615224201,0.11752480787232973,False
Asset_0096,36.23625221106781,-68.1440418871508,3,0.09689706370054907,54241.92343111432,25551.861740962853,5255.88310994499,0.20569472249136145,True
Asset_0097,30.75299838632202,-78.08655070467876,1,0.6272279762473261,20925.857126607785,34211.492354508686,13125.283016762887,0.38365128538548315,True
Asset_0098,31.360118042410306,-79.34925771680558,1,0.27073103128665066,63355.04597714429,16147.866922831068,17152.176934605443,1.0621945930427756,True
Asset_0099,48.23795329099029,-87.02093654424934,4,0.1706557505331661,126659.1201436454,11246.681043950182,21615.10720998426,1.921909861719735,True
Asset_0100,47.17161381415214,-79.37620414362478,1,0.07230178517374886,31196.4406090284,58185.00186601974,2255.558347099586,0.03876528787080508,False
Asset_0101,42.99414267621499,-115.46507632886376,1,0.1735163242259453,73265.16698151416,22192.341617026956,12712.702468432433,0.5728418698583244,True
Asset_0102,34.31739922919039,-92.98018998693232,2,0.22296593487316624,34561.85560054908,28918.47888344866,7706.116444927802,0.2664772402444154,True
Asset_0103,48.383527546954475,-94.2035192693368,5,0.0596744059901142,40008.72305885352,18156.408692320634,2387.4967829600682,0.13149609173370694,False
Asset_0104,44.57501807931589,-74.97595992913678,3,0.180510190413076,145282.61312646788,17944.073072746673,26224.992159167974,1.461484917769216,True
Asset_0105,43.337803783179915,-97.0832355267631,4,0.08965475348080186,43237.58019212434,33292.29107611508,3876.4545932313094,0.11643700291964582,False
Asset_0106,37.98723004287577,-101.4349882183802,3,0.0764651619865074,79009.82520554833,25215.430383917337,6041.499082867888,0.2395953188536976,True
Asset_0107,34.444831236903184,-87.18445681072184,1,0.2791084479928187,19482.445929234713,43869.97827720849,5437.715246412709,0.12395071663935,False
Asset_0108,30.927819243069987,-108.07805421995262,2,0.4052215137740479,183027.28825180358,45536.48762943041,74166.59480735486,1.6287289307623432,True
Asset_0109,47.05204793087683,-115.17296898657841,1,0.2971845333157523,85956.05599016197,42634.74555448892,25544.810385098957,0.5991547516673146,True
Asset_0110,38.11552579667222,-96.23887265467023,4,0.10334036354050835,53664.130392243016,40916.97920881887,5545.670743819636,0.13553470591065464,False
Asset_0111,33.047267295904604,-99.65419535868644,1,0.1793106418996187,84569.41082177807,79928.20733774416,15164.195339525588,0.18972270046603015,True
Asset_0112,35.11913248301305,-109.97608333038308,2,0.3576843901358553,25696.45548837345,21294.47898416941,9191.221010012008,0.43162460170285827,True
Asset_0113,40.58439137883792,-102.41933863355283,5,0.0767361662912751,121724.84954807736,35331.58375734416,9340.698296701707,0.26437247650298473,True
Asset_0114,32.535455658784635,-102.48202280973014,3,0.18566351609140483,49296.53801285906,63981.22182213348,9152.568578601009,0.14305085645355395,False
Asset_0115,46.13228568184751,-104.66024839289746,3,0.1670477372538603,52974.09455026746,68341.32437367438,8849.20262769423,0.12948538397220488,False
Asset_0116,44.1703905967042,-101.75001153529197,3,0.028205857984772896,44578.4853792547,17838.568739832186,1257.374427783533,0.07048628430463204,False
Asset_0117,43.38925911901874,-84.59837265446706,4,0.07872916087958211,42260.543770635115,31064.540759380765,3327.1371493769534,0.1071040185383148,False
Asset_0118,37.641860795502076,-106.37491742400802,2,0.1236441952745013,90835.21928541965,71615.05154274237,11231.247591128573,0.15682803194556624,False
Asset_0119,41.54617681404886,-69.86395610394094,4,0.05152226242014,69810.80736416602,46818.77387304308,3596.810736778403,0.07682411219336406,False
Asset_0120,40.68195937825471,-71.68451090586204,5,0.032639247671011326,88525.7620142384,40039.89118386946,2889.4142716477336,0.07216338971499922,False
Asset_0121,41.9969320310964,-96.0690160151956,3,0.12267797090243004,59559.02915077072,32570.350292637337,7306.580845135233,0.22433227703992228,True
Asset_0122,30.688886422797783,-104.61177251973743,3,0.05001716694877597,81464.2772057478,29974.417209246647,4074.612353361252,0.1359363328039718,False
Asset_0123,37.31614804341219,-93.01565176951982,1,0.06893934297000068,46569.018206173874,41944.790957746554,3210.4375178916266,0.07653959990230225,False
Asset_0124,29.83228347723785,-75.48061262867702,2,0.21117889504433962,228168.3710331287,32010.297839834235,48184.34447884303,1.5052763557507889,True
Asset_0125,38.879816384890376,-86.45510892863429,5,0.01929289891397817,23370.778762342736,35550.54229259531,450.8900722028263,0.012683071568692793,False
Asset_0126,35.597224246655706,-77.95405763496366,3,0.1437902774402498,127588.10112048565,37771.09297956178,18345.92845818928,0.4857134652713491,True
Asset_0127,31.890483777320938,-93.16755254031855,2,0.15183656346518795,136045.47317770566,25873.232932018345,20656.67712229823,0.7983802092522971,True
Asset_0128,31.068059354451034,-87.55661276101324,3,0.1731304037542134,35907.616703682026,47385.174615772696,6216.700177760006,0.13119504630232398,False
Asset_0129,40.75289144355424,-106.86328560578214,3,0.12151703033254399,228105.64738364675,155923.74056976358,27718.720872143185,0.17777101018007738,True
Asset_0130,32.41185937073772,-81.84598291062372,3,0.17565787077808265,108802.99817362655,14935.656402995888,19112.102993450855,1.279629262870377,True
Asset_0131,47.50240236753594,-111.66534278495978,4,0.050250653815199886,107224.86004022796,42702.22314277337,5388.119322264754,0.126178894814206,False
Asset_0132,40.6212227940079,-84.0913047861641,2,0.09560582432165907,60889.33481770319,24832.41054358886,5821.37504764401,0.23442649828238085,True
Asset_0133,35.937396090696744,-74.79973217374993,4,0.07563668428001452,52557.564000857834,48470.046527354614,3975.279874859541,0.08201518586568815,False
Asset_0134,40.81830982962833,-115.60224111111354,3,0.37381724785976,52804.65896506015,37170.79817383049,19739.29228849199,0.5310430030633329,True
Asset_0135,29.45607742059395,-88.5947345296525,5,0.03536465729539356,75683.72007113874,53152.87035030135,2676.5288231563204,0.05035530170838922,False
Asset_0136,48.17118426482891,-117.67463809912365,1,0.2333098552562293,138789.23480710143,65365.72308852176,32380.896283967657,0.49538037298410537,True
Asset_0137,38.646068738858006,-82.35992481680009,1,0.33166697819882224,66755.27041788703,39983.03662948718,22140.518818345823,0.5537478061888217,True
Asset_0138,44.65470454500572,-118.26837974588287,3,0.060613941731932665,34652.80057813224,63960.830030884135,2100.4428350911903,0.03283951809376098,False
Asset_0139,30.65459999844877,-70.58736992876494,3,0.1161055384529768,98189.66431524455,11246.93642878,11400.36384583851,1.0136417075023116,True
Asset_0140,38.73316661676321,-115.30515591788308,4,0.08966733435111171,104056.61945692012,80436.72656655182,9330.479688290052,0.11599775483864563,False
Asset_0141,38.81413988709042,-69.3027062290915,3,0.2657848321305039,88680.53681167625,43806.21914716102,23569.941589734346,0.5380501227589247,True
Asset_0142,47.75652909949966,-78.15048613923459,5,0.05497485671881169,93648.0929348218,62250.48950764049,5148.290491081791,0.08270281136423675,False
Asset_0143,40.434561047521505,-89.75380774988417,3,0.16951464474224265,50891.08917584419,19733.285882128705,8626.784902189018,0.4371692050537715,True
Asset_0144,38.469788021139074,-79.17305014074537,1,0.2624837312888546,34289.9127068472,23971.35989907497,9000.544232862361,0.3754707396975706,True
Asset_0145,34.33951326183787,-78.4735690169472,1,0.5035530176666099,35563.81408521273,39064.48991762201,17908.265902343155,0.45842825389778674,True
Asset_0146,35.63137994685104,-70.0224844822295,5,0.06384947104827271,22442.73091867851,36007.446934276326,1432.9564980363384,0.03979611497176918,False
Asset_0147,39.413448049430755,-108.81053218500551,1,0.533519845836558,69021.212711074,41836.91212388873,36824.18676506448,0.8801841459049268,True
Asset_0148,37.77822920610093,-89.95574985993468,5,0.052215910774929986,56950.10029978564,62458.49783182345,2973.7013558769204,0.04761083694141903,False
Asset_0149,29.43224159760661,-117.67724493639354,2,0.35691064046780824,45982.0957685719,15023.784270438435,16411.49925081309,1.092367871862031,True
Asset_0150,45.525838483887156,-88.49472079864921,1,0.43227723276734487,10164.217115044194,59095.46912233769,4393.759647737789,0.07435019491328444,False
Asset_0151,46.92321543679533,-113.40768697080382,2,0.3701819087683004,28328.099839145667,36466.195326269386,10486.550070233927,0.2875690753150676,True
Asset_0152,31.804981779972216,-91.36276575754326,4,0.08548748970884548,117301.68399438685,32797.549113720415,10027.826503300392,0.30574926402367625,True
Asset_0153,40.08072287078099,-90.94389121410441,3,0.23122512663769154,40184.00862076452,17403.774427643228,9291.552482146366,0.5338814589200926,True
Asset_0154,31.171514822708872,-96.90483143305127,4,0.11075879818179972,74336.3249251479,46701.162402284805,8233.402009961144,0.17629972331391763,True
Asset_0155,42.44480186079623,-93.73262057126513,4,0.044256772094644584,25993.160949922843,10861.134722900044,1150.3734001801506,0.10591650223752938,False
Asset_0156,34.624675676780164,-80.22029015963108,3,0.14601170689577112,141949.02445402427,50221.42490764298,20726.219352721637,0.4126967602141333,True
Asset_0157,42.18845269383804,-78.24229587532427,4,0.1242693781240934,54917.28394832695,17222.07176435086,6824.536724522846,0.3962668846061494,True
Asset_0158,43.53989228573765,-95.43941992777597,5,0.025678926051579093,71255.28265366964,37299.26708744642,1829.7591340479491,0.04905616857720456,False
Asset_0159,44.37294983835314,-89.42276727473372,3,0.15093127477821583,241703.70007764958,34214.868544492696,36480.647571331196,1.0662220585150606,True
Asset_0160,31.154818919117933,-70.8507708013543,1,0.5165550927998779,148726.46023346958,65170.948511970506,76825.41046769722,1.1788290982689325,True
Asset_0161,47.32023690275216,-116.29491904393713,3,0.08362894102404896,49814.46223746454,33212.19529082514,4165.930724601636,0.1254337657635198,False
Asset_0162,33.60427981789762,-116.44220030959382,5,0.090764447095359,41943.0443095251,25666.21255700996,3806.9372262501893,0.14832485384410324,False
Asset_0163,29.748251123523595,-118.08829533299696,2,0.4600358280979605,49250.411066251705,28189.325362349686,22656.953639028063,0.8037423154968162,True
Asset_0164,40.09704938782967,-86.15965603773044,5,0.02870015835691798,81303.06129125052,68627.00426120005,2333.4107339610982,0.03400134916395219,False
Asset_0165,36.418445677248776,-99.55793515573875,3,0.08616405868672075,56210.874828520886,47484.01868101752,4843.357117556588,0.10199973069029213,False
Asset_0166,45.59579486264826,-79.63800069605678,4,0.19082819773265833,47233.256625860326,29947.01729909243,9013.437234957068,0.3009794646637556,True
Asset_0167,45.16502944128604,-85.41104085471882,2,0.13896959396811567,144395.12585803476,32266.240924398997,20066.53201146605,0.621904858966456,True
Asset_0168,35.342777856454305,-104.31628553361867,5,0.019525024037009706,55908.63195006137,16587.612398389087,1091.6173827012772,0.06580919281712237,False
Asset_0169,48.0579879013949,-72.691473347754,1,0.11096091879197216,237935.15458965543,44100.971930205866,26401.503366178098,0.5986603517029302,True
Asset_0170,34.818356762802374,-80.29819976404347,2,0.457515357986058,63224.39726081122,15064.438004448992,28926.132746232794,1.9201600974221553,True
Asset_0171,39.30114258463429,-107.85004330903016,3,0.04290153508886363,174763.8715832079,52886.22743043629,7497.638368992651,0.14176920406838706,False
Asset_0172,34.11930181135205,-102.60524700476498,3,0.03790063859732608,74190.51966143156,38727.715916681664,2811.8680730357323,0.07260609117989687,False
Asset_0173,47.72087140097926,-105.39136110856128,3,0.15050162553804877,106699.99004060369,119787.65346405031,16058.52194600447,0.1340582395732781,False
Asset_0174,32.292156351640365,-114.17374767700002,1,0.5351052237499807,38763.46154212239,20950.80235401353,20742.530761821177,0.9900590159425349,True
Asset_0175,29.89821238784658,-114.72413113763727,2,0.26665913319686096,35873.15296525872,34498.42516132286,9565.903874754293,0.27728523345694317,True
Asset_0176,37.70194120006076,-70.57686205095834,1,0.33972367344707444,78891.09002433789,89245.28333529038,26801.170905311916,0.30030910210258577,True
Asset_0177,48.84751128111674,-98.47737391686982,3,0.3958226692476886,108351.07684341718,65886.89377073167,42887.81245202281,0.6509308604114901,True
Asset_0178,46.83354532509828,-101.53408992446505,2,0.11811812614204335,61337.942907549004,25639.617022678634,7245.122877647326,0.28257531581844236,True
Asset_0179,43.972160389138985,-82.13760031406683,3,0.18853412940728945,27671.658206775475,40618.69526806113,5217.051989270491,0.12843967426429645,False
Asset_0180,46.815849817570495,-92.0323883458376,3,0.07558374712539669,26472.05640196391,36351.82464298149,2000.8572169752786,0.055041452158897,False
Asset_0181,46.86893279395726,-70.57616073704611,4,0.10105070311252881,25430.84684001917,41813.64220040835,2569.8049539309686,0.0614585292908512,False
Asset_0182,39.37716720772898,-79.30311634107403,3,0.1532829481810638,20731.85597377818,25607.992326765896,3177.840004925919,0.12409563250315364,False
Asset_0183,35.31858103661586,-96.15530440902575,4,0.1334604216208982,63939.41131060963,34729.32808211668,8533.380791705988,0.24571108233159622,True
Asset_0184,44.44024864221976,-101.92386948507374,3,0.1976591345546838,117597.88775576018,16333.50522520863,23244.296719262406,1.4231052305531988,True
Asset_0185,42.23322526335522,-67.74863348423797,4,0.05848950258284703,59394.12102711389,38853.82186784668,3473.932595221307,0.08941031868208944,False
Asset_0186,36.473154577474205,-82.80542678379597,4,0.04377744641331781,15425.097128811378,45479.199051789095,675.2713629767625,0.014847916785161548,False
Asset_0187,30.889333361230307,-69.7330990397849,2,0.097946996934995,53398.809131921524,32412.20387527951,5230.252994376701,0.16136678068860869,True
Asset_0188,43.93579222698052,-116.36519967584569,2,0.49509966114788584,54302.23156399762,16195.270832904334,26885.016446909252,1.6600535257666884,True
Asset_0189,34.249210318457294,-75.37011396531618,4,0.07277425410667614,210575.43946031277,59531.80171928158,15324.470539909798,0.2574165420386798,True
Asset_0190,47.736263010675586,-87.32386249649238,2,0.0880473524838373,24977.16414582841,43576.03050028632,2199.173175594417,0.050467496702802414,False
Asset_0191,33.819411500113695,-116.17238601323369,3,0.2738451256764003,47362.84968401003,25260.380298352185,12970.085524110182,0.5134556713287591,True
Asset_0192,31.45515864822972,-90.05755200172364,1,0.1761113052109823,166626.75804394408,31561.704337181785,29344.855842193538,0.9297614453482902,True
Asset_0193,45.62225344249812,-84.57860355409487,3,0.11186505243372269,78431.97791983349,17148.4882257926,8773.797322482753,0.5116367814444605,True
Asset_0194,32.06568633248988,-122.31104959023824,3,0.12413944177481864,83950.93870091792,21748.38837588599,10421.622666803969,0.4791905720406932,True
Asset_0195,32.58536616315478,-97.5581941368622,4,0.12238396243518115,64135.33007036829,27752.86415999916,7849.135826099897,0.28282255052482247,True
Asset_0196,40.98765583041687,-76.77762737300601,3,0.2636005393959021,72981.85467918866,67118.19214707946,19238.056259547473,0.2866295358103531,True
Asset_0197,46.49124081674929,-106.45989458073097,2,0.12557355758586541,95469.84506902703,26377.01601793691,11988.488087489115,0.45450509183209725,True
Asset_0198,32.928693314291465,-97.32130741928114,5,0.10100794044170316,36838.84760001601,50016.42996154995,3721.0161243233965,0.07439587605880552,False
Asset_0199,35.206473458001895,-98.23040888419798,3,0.2149835670972559,101400.68721098673,27745.8594371373,21799.481442731023,0.7856841303518187,True
